emu,label,cpu_mode,game,eff_fps_per_cpu_s,eff_fps_per_cpu_s_min,eff_fps_per_cpu_s_max,eff_fps_per_cpu_s_n,eff_fps_wall,eff_fps_wall_min,eff_fps_wall_max,eff_fps_wall_n,rt_cpu_pct,rt_cpu_pct_min,rt_cpu_pct_max,rt_cpu_pct_n,rt_rss_mb,rt_rss_mb_min,rt_rss_mb_max,rt_rss_mb_n,rt_footprint_mb,rt_footprint_mb_min,rt_footprint_mb_max,rt_footprint_mb_n,rt_rss_peak_mb,rt_rss_peak_mb_min,rt_rss_peak_mb_max,rt_rss_peak_mb_n,load1,load1_min,load1_max,load1_n
psoxide-aacadfd,PSoXide (aacadfd),interpreter,crash,95.4,80.9,100.6,3,95.0,72.1,100.6,3,60.2,60.2,60.3,3,611.2,611.2,1214.0,3,610.6,610.5,1213.6,3,1214.0,1213.2,1214.0,3,12.4,5.3,23.4,6
psoxide-aacadfd,PSoXide (aacadfd),interpreter,tekken3,72.0,64.1,84.8,3,65.6,57.7,84.7,3,69.9,48.9,72.4,3,693.9,667.2,720.5,3,693.3,666.5,719.9,3,1322.8,1322.8,1322.9,3,12.1,6.7,19.1,6
psoxide-aacadfd,PSoXide (aacadfd),interpreter,wipeout2097,97.3,96.1,99.2,3,96.8,91.9,99.0,3,51.4,50.9,53.2,3,1149.5,1143.1,1372.3,3,1372.0,1149.1,1372.1,3,1372.3,1369.6,1372.4,3,10.8,5.7,22.7,6
psoxide-aacadfd,PSoXide (aacadfd),interpreter,re2,116.7,107.0,119.2,3,116.2,106.0,119.0,3,53.6,49.9,57.8,3,1356.1,23.6,1356.1,3,1355.8,1355.8,1355.8,3,1356.5,1356.1,1356.5,3,11.1,5.4,14.8,6
psoxide-aacadfd,PSoXide (aacadfd),interpreter,mslugx,139.3,134.6,141.7,3,138.5,132.3,141.3,3,42.7,42.5,48.3,3,108.9,108.9,108.9,3,108.0,108.0,108.0,3,207.8,207.5,208.2,3,11.4,5.1,15.0,6
psoxide-aacadfd,PSoXide (aacadfd),interpreter,hl,150.7,149.8,154.2,3,150.4,149.2,154.2,3,39.8,39.7,54.9,3,470.0,469.8,929.5,3,469.3,469.2,929.1,3,929.3,928.2,929.5,3,11.8,5.7,20.5,6
psoxide-22ae5d6,"PSoXide (22ae5d6, main)",interpreter,crash,133.0,132.2,136.2,3,132.9,131.4,136.2,3,48.6,45.1,49.5,3,8.2,8.2,8.3,3,7.2,7.2,7.3,3,8.2,8.2,8.3,3,6.2,4.2,19.9,6
psoxide-22ae5d6,"PSoXide (22ae5d6, main)",interpreter,tekken3,106.4,98.2,106.4,3,106.3,98.2,106.4,3,55.9,55.8,56.1,3,10.7,10.6,10.8,3,9.7,9.6,9.8,3,10.7,10.6,10.8,3,8.6,3.8,20.8,6
psoxide-22ae5d6,"PSoXide (22ae5d6, main)",interpreter,wipeout2097,145.6,145.2,148.6,3,145.6,145.2,148.6,3,34.3,33.5,34.4,3,9.7,9.7,9.7,3,8.6,8.6,8.6,3,9.7,9.7,9.7,3,7.0,4.4,8.9,6
psoxide-22ae5d6,"PSoXide (22ae5d6, main)",interpreter,re2,200.6,200.2,200.7,3,200.5,200.2,200.6,3,29.4,29.2,30.1,3,8.7,8.7,8.7,3,7.7,7.6,7.7,3,9.1,9.1,9.1,3,6.8,4.3,7.8,6
psoxide-22ae5d6,"PSoXide (22ae5d6, main)",interpreter,mslugx,230.4,229.8,235.0,3,230.4,229.3,235.0,3,25.9,25.6,26.1,3,8.9,8.9,9.0,3,7.8,7.8,8.0,3,8.9,8.9,9.0,3,6.5,4.2,8.8,6
psoxide-22ae5d6,"PSoXide (22ae5d6, main)",interpreter,hl,206.1,205.9,209.7,3,205.7,205.6,209.7,3,29.0,28.3,30.2,3,9.8,9.7,9.9,3,8.8,8.7,9.0,3,9.8,9.7,9.9,3,5.4,3.9,6.7,6
psoxide-22ae5d6-step,"PSoXide (22ae5d6, step loop)",interpreter,crash,133.9,132.9,136.9,3,133.8,132.9,136.9,3,46.1,44.5,63.9,3,8.3,8.2,8.4,3,7.2,6.9,7.3,3,8.3,8.2,8.4,3,7.4,3.8,15.6,6
psoxide-22ae5d6-step,"PSoXide (22ae5d6, step loop)",interpreter,tekken3,107.2,98.2,108.3,3,107.2,98.1,108.3,3,55.3,55.2,56.5,3,10.6,10.6,10.8,3,9.6,9.6,9.8,3,10.6,10.6,10.8,3,7.4,4.4,16.9,6
psoxide-22ae5d6-step,"PSoXide (22ae5d6, step loop)",interpreter,wipeout2097,146.5,144.3,150.3,3,146.5,144.1,150.3,3,33.5,33.2,34.3,3,9.7,9.7,9.7,3,8.6,8.6,8.6,3,9.7,9.7,9.7,3,7.5,4.3,9.7,6
psoxide-22ae5d6-step,"PSoXide (22ae5d6, step loop)",interpreter,re2,199.0,197.2,200.1,3,197.4,181.8,200.1,3,29.9,29.3,30.1,3,8.7,8.7,8.7,3,7.6,7.6,7.6,3,9.0,9.0,9.0,3,6.5,4.3,8.1,6
psoxide-22ae5d6-step,"PSoXide (22ae5d6, step loop)",interpreter,mslugx,230.4,230.1,236.7,3,230.4,230.0,236.7,3,26.1,25.8,26.3,3,8.9,8.9,8.9,3,7.9,7.8,7.9,3,8.9,8.9,8.9,3,5.8,4.1,7.3,6
psoxide-22ae5d6-step,"PSoXide (22ae5d6, step loop)",interpreter,hl,211.5,207.9,213.1,3,211.5,207.7,213.1,3,28.8,28.8,29.2,3,9.6,9.6,9.6,3,8.7,8.6,8.7,3,9.6,9.6,9.6,3,5.4,4.0,7.6,6
psoxide-9eff8c8,"PSoXide (9eff8c8, main)",interpreter,crash,108.1,95.0,112.8,3,108.1,92.7,112.7,3,54.3,53.5,58.6,3,611.2,611.0,611.2,3,610.5,610.3,610.5,3,611.2,611.0,611.2,3,14.4,5.9,21.1,6
psoxide-9eff8c8,"PSoXide (9eff8c8, main)",interpreter,tekken3,89.5,81.8,91.6,3,89.5,81.8,91.6,3,65.5,65.2,81.0,3,667.1,667.0,667.3,3,666.4,666.3,666.6,3,667.1,667.0,667.3,3,9.4,6.4,19.8,6
psoxide-9eff8c8,"PSoXide (9eff8c8, main)",interpreter,wipeout2097,118.7,102.9,118.8,3,118.7,101.4,118.7,3,41.9,40.9,50.0,3,691.0,690.9,691.0,3,690.3,690.2,690.3,3,691.0,690.9,691.0,3,8.9,6.3,16.2,6
psoxide-9eff8c8,"PSoXide (9eff8c8, main)",interpreter,re2,151.3,124.9,151.6,3,151.1,113.4,151.6,3,39.8,39.4,62.2,3,682.4,682.4,682.4,3,681.7,681.7,681.7,3,682.8,682.7,682.8,3,8.5,6.2,13.7,6
psoxide-9eff8c8,"PSoXide (9eff8c8, main)",interpreter,mslugx,176.6,147.6,180.5,3,176.5,145.8,180.4,3,33.5,33.5,53.1,3,108.9,108.9,108.9,3,107.9,107.9,108.0,3,108.9,108.9,108.9,3,8.9,6.0,17.4,6
psoxide-9eff8c8,"PSoXide (9eff8c8, main)",interpreter,hl,189.6,173.6,190.1,3,189.6,173.5,189.7,3,31.8,31.2,36.1,3,845.4,845.3,845.5,3,844.9,844.8,845.1,3,845.4,845.3,845.5,3,7.9,5.6,22.7,6
psoxide-a48cfbe,"PSoXide (a48cfbe, perf/emu-lean)",interpreter,crash,105.8,88.2,110.3,3,91.0,79.1,110.1,3,53.8,53.5,54.3,3,611.1,611.1,611.2,3,610.4,610.4,610.5,3,611.1,611.1,611.2,3,12.5,5.5,20.5,6
psoxide-a48cfbe,"PSoXide (a48cfbe, perf/emu-lean)",interpreter,tekken3,90.7,78.2,90.8,3,90.5,74.5,90.5,3,65.7,65.7,66.2,3,667.3,667.1,667.4,3,666.6,666.4,666.7,3,667.3,667.1,667.4,3,11.8,6.0,19.0,6
psoxide-a48cfbe,"PSoXide (a48cfbe, perf/emu-lean)",interpreter,wipeout2097,116.4,97.7,117.7,3,116.4,91.6,117.4,3,44.6,42.7,45.1,3,690.9,19.0,691.0,3,690.3,690.3,690.3,3,690.9,688.2,691.0,3,12.1,6.9,16.6,6
psoxide-a48cfbe,"PSoXide (a48cfbe, perf/emu-lean)",interpreter,re2,149.7,148.8,152.1,3,149.4,148.8,151.8,3,45.9,39.9,46.4,3,682.4,682.4,682.4,3,681.7,681.7,681.8,3,682.8,682.7,682.8,3,10.0,5.4,15.6,6
psoxide-a48cfbe,"PSoXide (a48cfbe, perf/emu-lean)",interpreter,mslugx,175.8,168.1,178.8,3,175.7,166.7,178.6,3,35.4,34.0,36.4,3,108.9,108.9,108.9,3,108.0,108.0,108.0,3,108.9,108.9,108.9,3,9.9,5.1,13.0,6
psoxide-a48cfbe,"PSoXide (a48cfbe, perf/emu-lean)",interpreter,hl,188.8,186.9,196.7,3,188.8,186.6,196.7,3,32.1,31.9,36.4,3,845.3,5.4,845.5,3,844.9,469.3,845.0,3,845.4,845.3,845.5,3,9.4,5.9,20.1,6
duckstation-interp,DuckStation,interpreter,crash,626.0,499.7,664.5,3,725.7,555.1,759.3,3,9.7,9.7,10.2,3,423.3,423.2,423.4,3,560.3,560.3,560.5,3,427.1,427.0,427.3,3,11.0,5.5,20.2,6
duckstation-interp,DuckStation,interpreter,tekken3,436.9,360.2,439.7,3,579.8,486.2,584.0,3,14.4,14.3,14.7,3,424.2,423.8,424.3,3,561.3,560.9,561.4,3,428.0,427.6,428.1,3,10.8,5.7,17.6,6
duckstation-interp,DuckStation,interpreter,wipeout2097,558.0,436.3,573.9,3,657.0,506.9,667.9,3,9.7,9.0,10.5,3,423.7,423.4,423.7,3,560.7,560.5,560.7,3,427.2,423.7,427.5,3,10.4,5.6,15.0,6
duckstation-interp,DuckStation,interpreter,re2,699.4,645.9,710.9,3,719.9,664.6,728.6,3,9.7,9.0,12.6,3,424.2,423.8,424.2,3,561.2,560.9,561.3,3,428.0,427.7,428.1,3,10.9,5.5,14.5,6
duckstation-interp,DuckStation,interpreter,mslugx,794.4,752.7,836.2,3,809.7,790.9,873.2,3,8.0,8.0,9.4,3,423.7,423.6,424.1,3,560.7,560.7,561.1,3,427.5,427.4,427.9,3,10.9,5.0,12.7,6
duckstation-interp,DuckStation,interpreter,hl,631.9,621.0,670.1,3,676.0,668.1,719.5,3,9.7,9.6,13.2,3,423.9,423.8,424.4,3,561.0,560.9,561.5,3,427.7,427.5,428.2,3,10.3,6.9,20.2,6
duckstation-rec,DuckStation,recompiler,crash,2460.4,1564.7,2660.7,3,4372.9,1667.7,4680.1,3,3.2,2.9,3.4,3,444.3,444.3,444.6,3,581.3,581.2,581.6,3,448.1,448.1,448.4,3,11.2,6.0,20.5,6
duckstation-rec,DuckStation,recompiler,tekken3,1131.7,853.5,1160.7,3,1635.5,1263.3,1665.6,3,6.2,6.0,6.9,3,448.0,446.5,448.3,3,585.1,583.6,585.4,3,452.1,450.5,452.3,3,10.2,5.6,17.8,6
duckstation-rec,DuckStation,recompiler,wipeout2097,1542.9,1277.0,2127.3,3,2778.4,1334.9,3866.6,3,3.5,2.9,4.5,3,447.7,447.3,447.8,3,584.7,584.2,584.8,3,451.6,451.1,451.6,3,10.6,5.6,15.3,6
duckstation-rec,DuckStation,recompiler,re2,2738.6,2563.5,2750.6,3,2860.7,2721.8,2865.3,3,2.8,2.8,4.7,3,443.4,442.9,443.6,3,580.4,579.9,580.5,3,447.3,446.7,447.4,3,11.3,5.4,15.1,6
duckstation-rec,DuckStation,recompiler,mslugx,4977.0,4077.8,5353.7,3,6398.5,5653.9,6654.2,3,1.8,1.7,1.9,3,445.0,445.0,445.2,3,581.9,581.8,582.0,3,448.8,448.8,449.0,3,11.2,5.2,12.5,6
duckstation-rec,DuckStation,recompiler,hl,3124.5,3081.0,3267.1,3,4996.0,4881.7,5147.5,3,2.4,2.2,4.1,3,449.9,449.4,450.0,3,586.8,586.3,587.0,3,453.7,453.2,453.8,3,10.2,6.5,17.4,6
beetle-interp,Beetle PSX (Mednafen),interpreter,crash,384.5,322.8,406.5,3,382.9,291.3,405.9,3,15.3,14.7,16.1,3,36.7,36.7,36.7,3,29.4,29.4,29.4,3,36.8,36.8,36.8,3,10.5,5.9,20.7,6
beetle-interp,Beetle PSX (Mednafen),interpreter,tekken3,367.4,325.8,370.6,3,368.3,313.3,371.8,3,17.3,16.7,19.4,3,37.6,37.5,37.6,3,30.0,30.0,30.0,3,37.7,37.6,37.7,3,9.8,5.6,17.8,6
beetle-interp,Beetle PSX (Mednafen),interpreter,wipeout2097,412.0,369.4,422.4,3,413.0,342.5,422.7,3,12.5,12.1,14.2,3,37.0,36.9,37.0,3,29.6,29.6,29.6,3,37.0,37.0,37.1,3,11.4,5.4,15.2,6
beetle-interp,Beetle PSX (Mednafen),interpreter,re2,472.9,409.5,480.5,3,474.4,346.6,482.6,3,13.0,12.6,14.9,3,36.4,36.4,36.4,3,29.4,29.4,29.4,3,36.5,36.5,36.5,3,11.2,5.4,15.1,6
beetle-interp,Beetle PSX (Mednafen),interpreter,mslugx,647.6,633.8,682.5,3,636.5,625.5,681.5,3,9.0,8.8,10.4,3,36.5,36.5,36.5,3,29.4,29.4,29.4,3,36.6,36.6,36.6,3,11.4,5.1,12.1,6
beetle-dynarec,Beetle PSX (Mednafen),recompiler,crash,632.7,519.3,706.8,3,631.6,467.3,706.6,3,9.9,8.9,10.6,3,113.7,113.6,113.8,3,106.1,106.1,106.2,3,113.7,113.7,113.8,3,9.7,6.6,20.1,6
beetle-dynarec,Beetle PSX (Mednafen),recompiler,tekken3,552.9,366.4,555.8,3,560.3,148.1,562.9,3,12.6,12.4,12.9,3,147.1,147.0,147.2,3,139.4,139.4,139.7,3,149.6,147.6,149.7,3,9.8,5.4,23.6,6
beetle-dynarec,Beetle PSX (Mednafen),recompiler,wipeout2097,610.6,577.7,642.7,3,612.6,571.4,644.7,3,8.8,8.2,13.9,3,140.5,140.3,140.6,3,132.9,132.8,133.0,3,140.6,140.4,140.6,3,11.3,5.4,15.1,6
beetle-dynarec,Beetle PSX (Mednafen),recompiler,re2,648.8,616.9,651.1,3,653.0,619.9,655.1,3,9.8,9.4,10.9,3,91.2,91.1,91.2,3,83.9,83.8,84.0,3,91.2,91.2,91.2,3,11.2,6.0,15.3,6
beetle-dynarec,Beetle PSX (Mednafen),recompiler,mslugx,1138.7,1070.2,1156.2,3,1137.1,1045.1,1154.8,3,5.8,5.4,6.7,3,125.0,124.8,125.1,3,117.7,117.5,117.8,3,125.1,124.9,125.1,3,11.6,5.1,12.4,6
redux-interp,PCSX-Redux,interpreter,crash,163.8,149.6,180.5,3,163.7,131.8,182.0,3,34.3,31.8,44.4,3,89.6,89.4,89.7,3,76.0,75.8,76.1,3,89.7,89.5,89.8,3,9.5,6.7,19.0,6
redux-interp,PCSX-Redux,interpreter,tekken3,336.6,242.2,345.6,3,60.0,60.0,60.0,3,19.1,19.0,19.3,3,88.4,25.8,88.4,3,74.8,74.7,74.9,3,88.5,87.5,88.5,3,10.1,5.5,22.6,6
redux-interp,PCSX-Redux,interpreter,wipeout2097,350.4,251.4,370.5,3,50.3,50.3,50.3,3,14.6,12.9,18.2,3,88.4,22.1,88.5,3,74.9,74.8,74.9,3,88.6,87.9,88.6,3,12.8,5.2,15.8,6
redux-interp,PCSX-Redux,interpreter,re2,524.3,514.5,536.4,3,59.9,59.9,59.9,3,11.8,11.3,15.4,3,87.9,87.9,87.9,3,74.4,74.4,74.4,3,88.0,88.0,88.0,3,11.4,6.0,15.3,6
redux-interp,PCSX-Redux,interpreter,mslugx,560.6,390.1,594.0,3,555.5,90.7,598.2,3,11.1,11.0,11.3,3,88.6,88.6,88.6,3,75.1,75.0,75.1,3,88.8,88.7,88.8,3,11.6,5.0,21.6,6
redux-interp,PCSX-Redux,interpreter,hl,515.0,263.5,523.1,3,60.0,60.0,60.0,3,11.9,11.2,15.6,3,88.8,88.7,88.8,3,75.1,75.0,75.1,3,88.9,88.8,88.9,3,10.2,6.2,17.4,6
redux-dynarec,PCSX-Redux,recompiler,crash,1143.8,1039.6,1310.9,3,1155.5,939.0,1324.6,3,6.0,5.9,8.5,3,96.7,96.1,96.8,3,83.0,82.3,83.1,3,96.8,96.2,97.0,3,10.9,6.8,19.0,6
redux-dynarec,PCSX-Redux,recompiler,tekken3,674.6,489.6,680.2,3,60.0,60.0,60.0,3,9.8,8.8,11.9,3,97.6,97.5,97.7,3,83.8,83.7,83.9,3,97.7,97.6,97.8,3,10.4,5.0,25.3,6
redux-dynarec,PCSX-Redux,recompiler,wipeout2097,819.3,770.3,863.9,3,50.3,50.2,50.3,3,5.9,5.6,6.4,3,97.3,95.8,97.4,3,83.5,82.0,83.6,3,97.4,95.9,97.5,3,11.8,5.6,16.0,6
redux-dynarec,PCSX-Redux,recompiler,re2,1374.4,1332.0,1410.1,3,59.9,59.9,59.9,3,4.3,4.2,5.0,3,96.0,94.4,96.0,3,82.3,80.7,82.4,3,96.1,94.5,96.1,3,11.4,5.3,13.7,6
redux-dynarec,PCSX-Redux,recompiler,mslugx,2315.1,2149.0,2378.9,3,2332.0,2161.4,2403.1,3,3.8,3.6,6.1,3,97.0,96.8,97.1,3,83.3,83.1,83.4,3,97.1,97.0,97.3,3,11.8,6.4,16.9,6
redux-dynarec,PCSX-Redux,recompiler,hl,1396.6,790.0,1440.4,3,60.0,60.0,60.0,3,4.1,3.9,6.3,3,98.6,98.6,98.8,3,84.8,84.8,84.9,3,98.8,98.8,98.9,3,8.0,3.6,20.2,6
